election_name,id,name,position,proposition_id,proposition_name,url
 BAG BAN, SPONSORED BY ENVIRONMENTAL AND OCEAN PROTECTION ORGANIZATIONS, BUSINESSES INCLUDING GROCERS AND REUSABLE BAG MAKERS, AND OTHER NONPROFIT ORGANIZATIONS",SUPPORT,1372638,PROPOSITION 067- REFERENDUM TO OVERTURN BAN ON SINGLE-USE PLASTIC BAGS.,http://cal-access.sos.ca.gov/Misc/Redirector.aspx?id=1372900&session=2015
"NOVEMBER 8, 2016, GENERAL",1372902,"AMERICAN PROGRESSIVE BAG ALLIANCE, A PROJECT OF THE SOCIETY OF THE PLASTICS INDUSTRY (NON-PROFIT 501 (C) (6)), YES ON 65 AND NO ON 67",OPPOSE,1372638,PROPOSITION 067- REFERENDUM TO OVERTURN BAN ON SINGLE-USE PLASTIC BAGS.,http://cal-access.sos.ca.gov/Misc/Redirector.aspx?id=1372902&session=2015
"NOVEMBER 8, 2016, GENERAL",1329332,"SAVE THE BAG BAN, YES ON 67, SPONSORED BY ENVIRONMENT CALIFORNIA",SUPPORT,1372638,PROPOSITION 067- REFERENDUM TO OVERTURN BAN ON SINGLE-USE PLASTIC BAGS.,http://cal-access.sos.ca.gov/Misc/Redirector.aspx?id=1329332&session=2015
"NOVEMBER 8, 2016, GENERAL",1374885,YES ON 67 - CALIFORNIANS AGAINST WASTE - PROTECT THE PLASTIC BAN (NON-PROFIT 501 (C) (4)),SUPPORT,1372638,PROPOSITION 067- REFERENDUM TO OVERTURN BAN ON SINGLE-USE PLASTIC BAGS.,http://cal-access.sos.ca.gov/Misc/Redirector.aspx?id=1374885&session=2015
"NOVEMBER 8, 2016, GENERAL",1346973,CALIFORNIA GROCERS ASSOCIATION ISSUES COMMITTEE (NON-PROFIT 501(C) 6): YES ON PROPOSITION 67,SUPPORT,1372638,PROPOSITION 067- REFERENDUM TO OVERTURN BAN ON SINGLE-USE PLASTIC BAGS.,http://cal-access.sos.ca.gov/Misc/Redirector.aspx?id=1346973&session=2015
"NOVEMBER 8, 2016, GENERAL",1381938,SAVE THE BAY ACTION FUND PAC - YES ON PROP 67,SUPPORT,1372638,PROPOSITION 067- REFERENDUM TO OVERTURN BAN ON SINGLE-USE PLASTIC BAGS.,http://cal-access.sos.ca.gov/Misc/Redirector.aspx?id=1381938&session=2015
"NOVEMBER 8, 2016, GENERAL",1389817,SAVE THE BAY ACTION FUND COMMITTEE TO SUPPORT PROPOSITION 67,SUPPORT,1372638,PROPOSITION 067- REFERENDUM TO OVERTURN BAN ON SINGLE-USE PLASTIC BAGS.,http://cal-access.sos.ca.gov/Misc/Redirector.aspx?id=1389817&session=2015
"NOVEMBER 8, 2016, GENERAL",1302403,"CALIFORNIA CORRECTIONAL PEACE OFFICERS ASSOCIATION TRUTH IN AMERICAN GOVERNMENT FUND; NO ON PROPOSITION 62, YES ON PROPOSITION 66 (NON-PROFIT 501 (C) 5)",SUPPORT,1381724,PROPOSITION 066- DEATH PENALTY. PROCEDURES. INITIATIVE STATUTE.,http://cal-access.sos.ca.gov/Misc/Redirector.aspx?id=1302403&session=2015
"NOVEMBER 8, 2016, GENERAL",1346266,"CALIFORNIANS TO MEND, NOT END, THE DEATH PENALTY. NO ON PROP 62, YES ON PROP 66. SUPPORTED BY PROSECUTORS, LAW ENFORCEMENT, AND FAMILIES OF VICTIMS.",SUPPORT,1381724,PROPOSITION 066- DEATH PENALTY. PROCEDURES. INITIATIVE STATUTE.,http://cal-access.sos.ca.gov/Misc/Redirector.aspx?id=1346266&session=2015
"NOVEMBER 8, 2016, GENERAL",1386494,"PROTEUS ACTION LEAGUE NON-PROFIT 501 (C)(4) ORGANIZATION, OPPOSING MEASURE 66 AND SUPPORTING MEASURES 54 AND 59",OPPOSE,1381724,PROPOSITION 066- DEATH PENALTY. PROCEDURES. INITIATIVE STATUTE.,http://cal-access.sos.ca.gov/Misc/Redirector.aspx?id=1386494&session=2015
"NOVEMBER 8, 2016, GENERAL",1336580,"LOS ANGELES POLICE PROTECTIVE LEAGUE ISSUES PAC - YES ON 66, NO ON 57",SUPPORT,1381724,PROPOSITION 066- DEATH PENALTY. PROCEDURES. INITIATIVE STATUTE.,http://cal-access.sos.ca.gov/Misc/Redirector.aspx?id=1336580&session=2015
"NOVEMBER 8, 2016, GENERAL",1380590,"YES ON 62, NO ON 66. REPLACE THE COSTLY, FAILED DEATH PENALTY SYSTEM. SPONSORED BY TAXPAYERS FOR SENTENCING REFORM",OPPOSE,1381724,PROPOSITION 066- DEATH PENALTY. PROCEDURES. INITIATIVE STATUTE.,http://cal-access.sos.ca.gov/Misc/Redirector.aspx?id=1380590&session=2015
"NOVEMBER 8, 2016, GENERAL",1383946,"NO ON PROP 66, CALIFORNIANS FOR FAIR JUSTICE, SPONSORED BY SOCIAL JUSTICE ORGANIZATIONS",OPPOSE,1381724,PROPOSITION 066- DEATH PENALTY. PROCEDURES. INITIATIVE STATUTE.,http://cal-access.sos.ca.gov/Misc/Redirector.aspx?id=1383946&session=2015
"NOVEMBER 8, 2016, GENERAL",1391170,"MILLION VOTER PROJECT ACTION FUND - YES ON 55, 56, 57, 58, 62, AND NO ON 66, SPONSORED BY SOCIAL JUSTICE ADVOCATES AND ORGANIZATIONS",OPPOSE,1381724,PROPOSITION 066- DEATH PENALTY. PROCEDURES. INITIATIVE STATUTE.,http://cal-access.sos.ca.gov/Misc/Redirector.aspx?id=1391170&session=2015
"NOVEMBER 8, 2016, GENERAL",1317554,"SAN FRANCISCO POLICE OFFICERS ASSOCIATION ISSUES PAC - YES ON 66, NO ON 62",SUPPORT,1381724,PROPOSITION 066- DEATH PENALTY. PROCEDURES. INITIATIVE STATUTE.,http://cal-access.sos.ca.gov/Misc/Redirector.aspx?id=1317554&session=2015
"NOVEMBER 8, 2016, GENERAL",1385745,FUND FOR POLICY REFORM (NONPROFIT 501(C)(4)),OPPOSE,1381724,PROPOSITION 066- DEATH PENALTY. PROCEDURES. INITIATIVE STATUTE.,http://cal-access.sos.ca.gov/Misc/Redirector.aspx?id=1385745&session=2015
"NOVEMBER 8, 2016, GENERAL",1372902,"AMERICAN PROGRESSIVE BAG ALLIANCE, A PROJECT OF THE SOCIETY OF THE PLASTICS INDUSTRY (NON-PROFIT 501 (C) (6)), YES ON 65 AND NO ON 67",SUPPORT,1381520,PROPOSITION 065- CARRY-OUT BAGS. CHARGES. INITIATIVE STATUTE.,http://cal-access.sos.ca.gov/Misc/Redirector.aspx?id=1372902&session=2015
"NOVEMBER 8, 2016, GENERAL",1381808,"YES ON 64, CALIFORNIANS TO CONTROL, REGULATE AND TAX ADULT USE OF MARIJUANA WHILE PROTECTING CHILDREN, SPONSORED BY BUSINESS, PHYSICIANS, ENVIRONMENTAL AND SOCIAL-JUSTICE ADVOCATE ORGANIZATIONS",SUPPORT,1381868,PROPOSITION 064- MARIJUANA LEGALIZATION. INITIATIVE STATUTE.,http://cal-access.sos.ca.gov/Misc/Redirector.aspx?id=1381808&session=2015
"NOVEMBER 8, 2016, GENERAL",1387789,"SAM ACTION, INC., A COMMITTEE AGAINST PROPOSITION 64 WITH HELP FROM CITIZENS (NONPROFIT 501 (C)(4))",OPPOSE,1381868,PROPOSITION 064- MARIJUANA LEGALIZATION. INITIATIVE STATUTE.,http://cal-access.sos.ca.gov/Misc/Redirector.aspx?id=1387789&session=2015
"NOVEMBER 8, 2016, GENERAL",1382568,"PUBLIC AND MENTAL HEALTH ADVOCATES AGAINST 64, SPONSORED AND MAJOR FUNDING BY SAM ACTION, INC. AND CALIFORNIA PUBLIC SAFETY INSTITUTE",OPPOSE,1381868,PROPOSITION 064- MARIJUANA LEGALIZATION. INITIATIVE STATUTE.,http://cal-access.sos.ca.gov/Misc/Redirector.aspx?id=1382568&session=2015
"NOVEMBER 8, 2016, GENERAL",1371855,"MARIJUANA POLICY PROJECT OF CALIFORNIA, YES ON 64",SUPPORT,1381868,PROPOSITION 064- MARIJUANA LEGALIZATION. INITIATIVE STATUTE.,http://cal-access.sos.ca.gov/Misc/Redirector.aspx?id=1371855&session=2015
"NOVEMBER 8, 2016, GENERAL",1385745,FUND FOR POLICY REFORM (NONPROFIT 501(C)(4)),SUPPORT,1381868,PROPOSITION 064- MARIJUANA LEGALIZATION. INITIATIVE STATUTE.,http://cal-access.sos.ca.gov/Misc/Redirector.aspx?id=1385745&session=2015
"NOVEMBER 8, 2016, GENERAL",1385506,"DRUG POLICY ACTION - NON PROFIT 501C4, YES ON PROP. 64",SUPPORT,1381868,PROPOSITION 064- MARIJUANA LEGALIZATION. INITIATIVE STATUTE.,http://cal-access.sos.ca.gov/Misc/Redirector.aspx?id=1385506&session=2015
"NOVEMBER 8, 2016, GENERAL",1390962,MOMS STRONG AGAINST PROP 64,OPPOSE,1381868,PROPOSITION 064- MARIJUANA LEGALIZATION. INITIATIVE STATUTE.,http://cal-access.sos.ca.gov/Misc/Redirector.aspx?id=1390962&session=2015
"NOVEMBER 8, 2016, GENERAL",1343793,"CALIFORNIANS FOR RESPONSIBLE MARIJUANA REFORM, SPONSORED BY DRUG POLICY ACTION, YES ON PROP. 64",SUPPORT,1381868,PROPOSITION 064- MARIJUANA LEGALIZATION. INITIATIVE STATUTE.,http://cal-access.sos.ca.gov/Misc/Redirector.aspx?id=1343793&session=2015
"NOVEMBER 8, 2016, GENERAL",1386560,ADULT USE CAMPAIGN FOR PROPOSITION 64; THE,SUPPORT,1381868,PROPOSITION 064- MARIJUANA LEGALIZATION. INITIATIVE STATUTE.,http://cal-access.sos.ca.gov/Misc/Redirector.aspx?id=1386560&session=2015
"NOVEMBER 8, 2016, GENERAL",1382525,NEW APPROACH PAC (MPO),SUPPORT,1381868,PROPOSITION 064- MARIJUANA LEGALIZATION. INITIATIVE STATUTE.,http://cal-access.sos.ca.gov/Misc/Redirector.aspx?id=1382525&session=2015
"NOVEMBER 8, 2016, GENERAL",1376077,"CALIFORNIANS FOR SENSIBLE REFORM, SPONSORED BY GHOST MANAGEMENT GROUP, LLC DBA WEEDMAPS",SUPPORT,1381868,PROPOSITION 064- MARIJUANA LEGALIZATION. INITIATIVE STATUTE.,http://cal-access.sos.ca.gov/Misc/Redirector.aspx?id=1376077&session=2015
"NOVEMBER 8, 2016, GENERAL",1382067,"COALITION FOR CIVIL LIBERTIES - NO ON 63, A PROJECT OF CALIFORNIA RIFLE & PISTOL ASSOCIATION",OPPOSE,1381803,PROPOSITION 063- FIREARMS. AMMUNITION SALES. INTIATIVE STATUTE.,http://cal-access.sos.ca.gov/Misc/Redirector.aspx?id=1382067&session=2015
"NOVEMBER 8, 2016, GENERAL",1387279,"VETO GUNMAGEDDON, CITIZENS WHO ARE OPPOSED TO PROPOSITION 63, ASSEMBLY BILLS 1135, 1511, 1695, 857 AND SENATE BILLS 880, 1235 AND 1446",OPPOSE,1381803,PROPOSITION 063- FIREARMS. AMMUNITION SALES. INTIATIVE STATUTE.,http://cal-access.sos.ca.gov/Misc/Redirector.aspx?id=1387279&session=2015
"NOVEMBER 8, 2016, GENERAL",1380675,"NEWSOM BALLOT MEASURE COMMITTEE; SAFETY FOR ALL, YES ON PROP. 63,",SUPPORT,1381803,PROPOSITION 063- FIREARMS. AMMUNITION SALES. INTIATIVE STATUTE.,http://cal-access.sos.ca.gov/Misc/Redirector.aspx?id=1380675&session=2015
"NOVEMBER 8, 2016, GENERAL",1380746,"STOP PROP 63, A GRASSROOTS, COMMON-SENSE EFFORT FOR RATIONAL POLICY SPONSORED BY FIREARMS POLICY COALITION",OPPOSE,1381803,PROPOSITION 063- FIREARMS. AMMUNITION SALES. INTIATIVE STATUTE.,http://cal-access.sos.ca.gov/Misc/Redirector.aspx?id=1380746&session=2015
"NOVEMBER 8, 2016, GENERAL",1302403,"CALIFORNIA CORRECTIONAL PEACE OFFICERS ASSOCIATION TRUTH IN AMERICAN GOVERNMENT FUND; NO ON PROPOSITION 62, YES ON PROPOSITION 66 (NON-PROFIT 501 (C) 5)",OPPOSE,1381268,PROPOSITION 062- DEATH PENALTY. INITIATIVE STATUTE.,http://cal-access.sos.ca.gov/Misc/Redirector.aspx?id=1302403&session=2015
"NOVEMBER 8, 2016, GENERAL",1380590,"YES ON 62, NO ON 66. REPLACE THE COSTLY, FAILED DEATH PENALTY SYSTEM. SPONSORED BY TAXPAYERS FOR SENTENCING REFORM",SUPPORT,1381268,PROPOSITION 062- DEATH PENALTY. INITIATIVE STATUTE.,http://cal-access.sos.ca.gov/Misc/Redirector.aspx?id=1380590&session=2015
"NOVEMBER 8, 2016, GENERAL",1390529,VOLUNTEERS FOR YES ON 62,SUPPORT,1381268,PROPOSITION 062- DEATH PENALTY. INITIATIVE STATUTE.,http://cal-access.sos.ca.gov/Misc/Redirector.aspx?id=1390529&session=2015
"NOVEMBER 8, 2016, GENERAL",1391170,"MILLION VOTER PROJECT ACTION FUND - YES ON 55, 56, 57, 58, 62, AND NO ON 66, SPONSORED BY SOCIAL JUSTICE ADVOCATES AND ORGANIZATIONS",SUPPORT,1381268,PROPOSITION 062- DEATH PENALTY. INITIATIVE STATUTE.,http://cal-access.sos.ca.gov/Misc/Redirector.aspx?id=1391170&session=2015
"NOVEMBER 8, 2016, GENERAL",1385745,FUND FOR POLICY REFORM (NONPROFIT 501(C)(4)),SUPPORT,1381268,PROPOSITION 062- DEATH PENALTY. INITIATIVE STATUTE.,http://cal-access.sos.ca.gov/Misc/Redirector.aspx?id=1385745&session=2015
"NOVEMBER 8, 2016, GENERAL",1317554,"SAN FRANCISCO POLICE OFFICERS ASSOCIATION ISSUES PAC - YES ON 66, NO ON 62",OPPOSE,1381268,PROPOSITION 062- DEATH PENALTY. INITIATIVE STATUTE.,http://cal-access.sos.ca.gov/Misc/Redirector.aspx?id=1317554&session=2015
"NOVEMBER 8, 2016, GENERAL",1346266,"CALIFORNIANS TO MEND, NOT END, THE DEATH PENALTY. NO ON PROP 62, YES ON PROP 66. SUPPORTED BY PROSECUTORS, LAW ENFORCEMENT, AND FAMILIES OF VICTIMS.",OPPOSE,1381268,PROPOSITION 062- DEATH PENALTY. INITIATIVE STATUTE.,http://cal-access.sos.ca.gov/Misc/Redirector.aspx?id=1346266&session=2015
"NOVEMBER 8, 2016, GENERAL",1379198,"NO ON PROP 61 - CALIFORNIANS AGAINST THE DECEPTIVE RX PROPOSITION, A COALITION OF VETERANS DOCTORS PATIENT ADVOCATES SENIORS TAXPAYERS AND MEMBERS OF PHARMACEUTICAL RESEARCH AND MANUFACTURERS OF AMER.",OPPOSE,1377343,PROPOSITION 061- STATE PRESCRIPTION DRUG PURCHASES. PRICING STANDARDS. INITIATIVE STATUTE.,http://cal-access.sos.ca.gov/Misc/Redirector.aspx?id=1379198&session=2015
"NOVEMBER 8, 2016, GENERAL",1376791,"YES ON PROP 61, CALIFORNIANS FOR LOWER DRUG PRICES, WITH MAJOR FUNDING BY AIDS HEALTHCARE FOUNDATION AND CALIFORNIA NURSES ASSOCIATION PAC",SUPPORT,1377343,PROPOSITION 061- STATE PRESCRIPTION DRUG PURCHASES. PRICING STANDARDS. INITIATIVE STATUTE.,http://cal-access.sos.ca.gov/Misc/Redirector.aspx?id=1376791&session=2015
"NOVEMBER 8, 2016, GENERAL",1387641,"CONSUMER WATCHDOG CAMPAIGN - YES ON 61, MAJOR FUNDING BY YES ON PROP 61, CALIFORNIANS FOR LOWER DRUG PRICES, WITH MAJOR FUNDING BY AIDS HEALTHCARE FOUNDATION AND CALIFORNIA NURSES ASSOCIATION PAC",SUPPORT,1377343,PROPOSITION 061- STATE PRESCRIPTION DRUG PURCHASES. PRICING STANDARDS. INITIATIVE STATUTE.,http://cal-access.sos.ca.gov/Misc/Redirector.aspx?id=1387641&session=2015
"NOVEMBER 8, 2016, GENERAL",1356566,"YES ON PROP 60, FOR ADULT INDUSTRY RESPONSIBILITY (FAIR) COMMITTEE, WITH MAJOR FUNDING BY AIDS HEALTHCARE FOUNDATION",SUPPORT,1376195,PROPOSITION 060- ADULT FILMS. CONDOMS. HEALTH REQUIREMENTS. INITIATIVE STATUTE.,http://cal-access.sos.ca.gov/Misc/Redirector.aspx?id=1356566&session=2015
"NOVEMBER 8, 2016, GENERAL",1385139,"NO ON PROPOSITION 60, CALIFORNIANS AGAINST WORKER HARASSMENT, SPONSORED BY THE FREE SPEECH COALITION",OPPOSE,1376195,PROPOSITION 060- ADULT FILMS. CONDOMS. HEALTH REQUIREMENTS. INITIATIVE STATUTE.,http://cal-access.sos.ca.gov/Misc/Redirector.aspx?id=1385139&session=2015
"NOVEMBER 8, 2016, GENERAL",1387856,MAKE THEM LISTEN - YES ON 59,SUPPORT,1386783,"PROPOSITION 059- SB 254 (CHAPTER 20, STATUTES OF 2016), ALLEN. CAMPAIGN FINANCE: VOTER INSTRUCTION",http://cal-access.sos.ca.gov/Misc/Redirector.aspx?id=1387856&session=2015
"NOVEMBER 8, 2016, GENERAL",1360075,CALIFORNIA MOVE TO AMEND,SUPPORT,1386783,"PROPOSITION 059- SB 254 (CHAPTER 20, STATUTES OF 2016), ALLEN. CAMPAIGN FINANCE: VOTER INSTRUCTION",http://cal-access.sos.ca.gov/Misc/Redirector.aspx?id=1360075&session=2015
"NOVEMBER 8, 2016, GENERAL",1389997,CALIFORNIA COMMON CAUSE -- YES ON 54 AND 59 (NONPROFIT 501(C)(4),SUPPORT,1386783,"PROPOSITION 059- SB 254 (CHAPTER 20, STATUTES OF 2016), ALLEN. CAMPAIGN FINANCE: VOTER INSTRUCTION",http://cal-access.sos.ca.gov/Misc/Redirector.aspx?id=1389997&session=2015
"NOVEMBER 8, 2016, GENERAL",1386909,"OVERTURN CITIZENS UNITED, YES ON 59",SUPPORT,1386783,"PROPOSITION 059- SB 254 (CHAPTER 20, STATUTES OF 2016), ALLEN. CAMPAIGN FINANCE: VOTER INSTRUCTION",http://cal-access.sos.ca.gov/Misc/Redirector.aspx?id=1386909&session=2015
"NOVEMBER 8, 2016, GENERAL",1381423,"YES ON 59, CALIFORNIA CLEAN MONEY ACTION FUND TO OVERTURN CITIZENS UNITED (NON PROFIT 501(C)4)",SUPPORT,1386783,"PROPOSITION 059- SB 254 (CHAPTER 20, STATUTES OF 2016), ALLEN. CAMPAIGN FINANCE: VOTER INSTRUCTION",http://cal-access.sos.ca.gov/Misc/Redirector.aspx?id=1381423&session=2015
"NOVEMBER 8, 2016, GENERAL",1386494,"PROTEUS ACTION LEAGUE NON-PROFIT 501 (C)(4) ORGANIZATION, OPPOSING MEASURE 66 AND SUPPORTING MEASURES 54 AND 59",SUPPORT,1386783,"PROPOSITION 059- SB 254 (CHAPTER 20, STATUTES OF 2016), ALLEN. CAMPAIGN FINANCE: VOTER INSTRUCTION",http://cal-access.sos.ca.gov/Misc/Redirector.aspx?id=1386494&session=2015
"NOVEMBER 8, 2016, GENERAL",1374153,"LARA BALLOT MEASURE COMMITTEE; CALIFORNIANS FOR A 21ST CENTURY ECONOMY - YES ON 58, A RICARDO",SUPPORT,1382395,"PROPOSITION 058 - SB 1174 (CHAPTER 753, STATUTES OF 2014), LARA. ENGLISH LANGUAGE EDUCATION",http://cal-access.sos.ca.gov/Misc/Redirector.aspx?id=1374153&session=2015
"NOVEMBER 8, 2016, GENERAL",1391170,"MILLION VOTER PROJECT ACTION FUND - YES ON 55, 56, 57, 58, 62, AND NO ON 66, SPONSORED BY SOCIAL JUSTICE ADVOCATES AND ORGANIZATIONS",SUPPORT,1382395,"PROPOSITION 058 - SB 1174 (CHAPTER 753, STATUTES OF 2014), LARA. ENGLISH LANGUAGE EDUCATION",http://cal-access.sos.ca.gov/Misc/Redirector.aspx?id=1391170&session=2015
"NOVEMBER 8, 2016, GENERAL",1386477,"YES ON 58, CALIFORNIANS FOR ENGLISH PROFICIENCY SPONSORED BY TEACHERS AND SERVICE EMPLOYEES ORGANIZATIONS",SUPPORT,1382395,"PROPOSITION 058 - SB 1174 (CHAPTER 753, STATUTES OF 2014), LARA. ENGLISH LANGUAGE EDUCATION",http://cal-access.sos.ca.gov/Misc/Redirector.aspx?id=1386477&session=2015
"NOVEMBER 8, 2016, GENERAL",931704,"UNITED TEACHERS LOS ANGELES-POLITICAL ACTION COUNCIL OF EDUCATORS (PACE) ISSUES, A COMMITTEE FOR PROPOSITIONS 55 AND 58",SUPPORT,1382395,"PROPOSITION 058 - SB 1174 (CHAPTER 753, STATUTES OF 2014), LARA. ENGLISH LANGUAGE EDUCATION",http://cal-access.sos.ca.gov/Misc/Redirector.aspx?id=1060144&session=2015
"NOVEMBER 8, 2016, GENERAL",1378703,CALIFORNIA CALLS ACTION FUND (NONPROFIT 501(C)(4)),SUPPORT,1383319,PROPOSITION 057 - CRIMINAL SENTENCES. JUVENILE CRIMINAL PROCEEDINGS AND SENTENCING. INITIATIVE CONSTITUTIONAL AMENDMENT AND STATUTE.,http://cal-access.sos.ca.gov/Misc/Redirector.aspx?id=1378703&session=2015
"NOVEMBER 8, 2016, GENERAL",1346267,CALIFORNIA STATEWIDE LAW ENFORCEMENT ASSOCIATION ISSUES COMMITTEE (NON-PROFIT 501 (C) 5): YES ON PROPOSITION 57,SUPPORT,1383319,PROPOSITION 057 - CRIMINAL SENTENCES. JUVENILE CRIMINAL PROCEEDINGS AND SENTENCING. INITIATIVE CONSTITUTIONAL AMENDMENT AND STATUTE.,http://cal-access.sos.ca.gov/Misc/Redirector.aspx?id=1346267&session=2015
"NOVEMBER 8, 2016, GENERAL",1382912,"YES ON PROP. 57, CALIFORNIANS AND GOVERNOR BROWN FOR PUBLIC SAFETY AND REHABILITATION",SUPPORT,1383319,PROPOSITION 057 - CRIMINAL SENTENCES. JUVENILE CRIMINAL PROCEEDINGS AND SENTENCING. INITIATIVE CONSTITUTIONAL AMENDMENT AND STATUTE.,http://cal-access.sos.ca.gov/Misc/Redirector.aspx?id=1382912&session=2015
"NOVEMBER 8, 2016, GENERAL",1386627,NO ON 57 - STOP EARLY RELEASE OF VIOLENT CRIMINALS (SERVC),OPPOSE,1383319,PROPOSITION 057 - CRIMINAL SENTENCES. JUVENILE CRIMINAL PROCEEDINGS AND SENTENCING. INITIATIVE CONSTITUTIONAL AMENDMENT AND STATUTE.,http://cal-access.sos.ca.gov/Misc/Redirector.aspx?id=1386627&session=2015
"NOVEMBER 8, 2016, GENERAL",1387648,CALIFORNIA CALLS ACTION FUND - YES ON 57 (NONPROFIT 501(C)(4)),SUPPORT,1383319,PROPOSITION 057 - CRIMINAL SENTENCES. JUVENILE CRIMINAL PROCEEDINGS AND SENTENCING. INITIATIVE CONSTITUTIONAL AMENDMENT AND STATUTE.,http://cal-access.sos.ca.gov/Misc/Redirector.aspx?id=1387648&session=2015
"NOVEMBER 8, 2016, GENERAL",1384591,"MILLION VOTER PROJECT ACTION FUND - YES ON 55 AND 57, SPONSORED BY SOCIAL JUSTICE ORGANIZATIONS",SUPPORT,1383319,PROPOSITION 057 - CRIMINAL SENTENCES. JUVENILE CRIMINAL PROCEEDINGS AND SENTENCING. INITIATIVE CONSTITUTIONAL AMENDMENT AND STATUTE.,http://cal-access.sos.ca.gov/Misc/Redirector.aspx?id=1384591&session=2015
"NOVEMBER 8, 2016, GENERAL",1391170,"MILLION VOTER PROJECT ACTION FUND - YES ON 55, 56, 57, 58, 62, AND NO ON 66, SPONSORED BY SOCIAL JUSTICE ADVOCATES AND ORGANIZATIONS",SUPPORT,1383319,PROPOSITION 057 - CRIMINAL SENTENCES. JUVENILE CRIMINAL PROCEEDINGS AND SENTENCING. INITIATIVE CONSTITUTIONAL AMENDMENT AND STATUTE.,http://cal-access.sos.ca.gov/Misc/Redirector.aspx?id=1391170&session=2015
"NOVEMBER 8, 2016, GENERAL",1391327,OPEN PHILANTHROPY ACTION FUND YES ON 57 (NONPROFIT 501(C)(4)),SUPPORT,1383319,PROPOSITION 057 - CRIMINAL SENTENCES. JUVENILE CRIMINAL PROCEEDINGS AND SENTENCING. INITIATIVE CONSTITUTIONAL AMENDMENT AND STATUTE.,http://cal-access.sos.ca.gov/Misc/Redirector.aspx?id=1391327&session=2015
"NOVEMBER 8, 2016, GENERAL",1336580,"LOS ANGELES POLICE PROTECTIVE LEAGUE ISSUES PAC - YES ON 66, NO ON 57",OPPOSE,1383319,PROPOSITION 057 - CRIMINAL SENTENCES. JUVENILE CRIMINAL PROCEEDINGS AND SENTENCING. INITIATIVE CONSTITUTIONAL AMENDMENT AND STATUTE.,http://cal-access.sos.ca.gov/Misc/Redirector.aspx?id=1336580&session=2015
"NOVEMBER 8, 2016, GENERAL",1385745,FUND FOR POLICY REFORM (NONPROFIT 501(C)(4)),SUPPORT,1383319,PROPOSITION 057 - CRIMINAL SENTENCES. JUVENILE CRIMINAL PROCEEDINGS AND SENTENCING. INITIATIVE CONSTITUTIONAL AMENDMENT AND STATUTE.,http://cal-access.sos.ca.gov/Misc/Redirector.aspx?id=1385745&session=2015
"NOVEMBER 8, 2016, GENERAL",1392066,FWD.US (NONPROFIT 501(C)(4)) IN SUPPORT OF PROPOSITION 57 WITH HELP FROM CITIZENS FOR PUBLIC SAFETY AND OPPORTUNITY,SUPPORT,1383319,PROPOSITION 057 - CRIMINAL SENTENCES. JUVENILE CRIMINAL PROCEEDINGS AND SENTENCING. INITIATIVE CONSTITUTIONAL AMENDMENT AND STATUTE.,http://cal-access.sos.ca.gov/Misc/Redirector.aspx?id=1392066&session=2015
"NOVEMBER 8, 2016, GENERAL",1372760,"PICO CALIFORNIA - YES ON 55, 56, AND 57 (NON PROFIT 501 (C) (3))",SUPPORT,1383319,PROPOSITION 057 - CRIMINAL SENTENCES. JUVENILE CRIMINAL PROCEEDINGS AND SENTENCING. INITIATIVE CONSTITUTIONAL AMENDMENT AND STATUTE.,http://cal-access.sos.ca.gov/Misc/Redirector.aspx?id=1372760&session=2015
"NOVEMBER 8, 2016, GENERAL",1387575,CIVIC PARTICIPATION ACTION FUND - YES ON 57 (NONPROFIT 501(C)(4)),SUPPORT,1383319,PROPOSITION 057 - CRIMINAL SENTENCES. JUVENILE CRIMINAL PROCEEDINGS AND SENTENCING. INITIATIVE CONSTITUTIONAL AMENDMENT AND STATUTE.,http://cal-access.sos.ca.gov/Misc/Redirector.aspx?id=1387575&session=2015
"NOVEMBER 8, 2016, GENERAL",1385538,"CALIFORNIA KIDS CAMPAIGN, YES ON PROPS 55 & 56, SPONSORED AND MAJOR FUNDING BY COMMON SENSE KIDS ACTION, INC.",SUPPORT,1381640,"PROPOSITION 056 - CIGARETTE TAX TO FUND HEALTHCARE, TOBACCO USE PREVENTION, RESEARCH, AND LAW ENFORCEMENT. INITIATIVE CONSTITUTIONAL AMENDMENT AND STATUTE.",http://cal-access.sos.ca.gov/Misc/Redirector.aspx?id=1385538&session=2015
"NOVEMBER 8, 2016, GENERAL",1389668,YES ON 56 STOP CANCER - PLANNED PARENTHOOD OF ORANGE AND SAN BERNARDINO COUNTIES' COMMUNITY ACTION FUND (NON PROFIT 501(C)(4)),SUPPORT,1381640,"PROPOSITION 056 - CIGARETTE TAX TO FUND HEALTHCARE, TOBACCO USE PREVENTION, RESEARCH, AND LAW ENFORCEMENT. INITIATIVE CONSTITUTIONAL AMENDMENT AND STATUTE.",http://cal-access.sos.ca.gov/Misc/Redirector.aspx?id=1389668&session=2015
"NOVEMBER 8, 2016, GENERAL",1389484,"CALIFORNIA CITIZENS AGAINST SPECIAL INTERESTS AND WASTEFUL TAXES, NO ON PROP. 56",OPPOSE,1381640,"PROPOSITION 056 - CIGARETTE TAX TO FUND HEALTHCARE, TOBACCO USE PREVENTION, RESEARCH, AND LAW ENFORCEMENT. INITIATIVE CONSTITUTIONAL AMENDMENT AND STATUTE.",http://cal-access.sos.ca.gov/Misc/Redirector.aspx?id=1389484&session=2015
"NOVEMBER 8, 2016, GENERAL",1388518,YES ON 56 STOP CANCER - PLANNED PARENTHOOD ADVOCATES MAR MONTE (NON PROFIT 501 (C)(4)),SUPPORT,1381640,"PROPOSITION 056 - CIGARETTE TAX TO FUND HEALTHCARE, TOBACCO USE PREVENTION, RESEARCH, AND LAW ENFORCEMENT. INITIATIVE CONSTITUTIONAL AMENDMENT AND STATUTE.",http://cal-access.sos.ca.gov/Misc/Redirector.aspx?id=1388518&session=2015
"NOVEMBER 8, 2016, GENERAL",1390602,"COMMON SENSE KIDS ACTION, INC., YES ON PROPS. 55 AND 56 (NONPROFIT 501 (C) (4))",SUPPORT,1381640,"PROPOSITION 056 - CIGARETTE TAX TO FUND HEALTHCARE, TOBACCO USE PREVENTION, RESEARCH, AND LAW ENFORCEMENT. INITIATIVE CONSTITUTIONAL AMENDMENT AND STATUTE.",http://cal-access.sos.ca.gov/Misc/Redirector.aspx?id=1390602&session=2015
"NOVEMBER 8, 2016, GENERAL",1383858,"FIGHT CANCER - YES ON 56, SPONSORED BY AMERICAN CANCER SOCIETY, INC. AND AMERICAN CANCER SOCIETY CANCER ACTION NETWORK, INC.",SUPPORT,1381640,"PROPOSITION 056 - CIGARETTE TAX TO FUND HEALTHCARE, TOBACCO USE PREVENTION, RESEARCH, AND LAW ENFORCEMENT. INITIATIVE CONSTITUTIONAL AMENDMENT AND STATUTE.",http://cal-access.sos.ca.gov/Misc/Redirector.aspx?id=1383858&session=2015
"NOVEMBER 8, 2016, GENERAL",1372760,"PICO CALIFORNIA - YES ON 55, 56, AND 57 (NON PROFIT 501 (C) (3))",SUPPORT,1381640,"PROPOSITION 056 - CIGARETTE TAX TO FUND HEALTHCARE, TOBACCO USE PREVENTION, RESEARCH, AND LAW ENFORCEMENT. INITIATIVE CONSTITUTIONAL AMENDMENT AND STATUTE.",http://cal-access.sos.ca.gov/Misc/Redirector.aspx?id=1372760&session=2015
"NOVEMBER 8, 2016, GENERAL",1391170,"MILLION VOTER PROJECT ACTION FUND - YES ON 55, 56, 57, 58, 62, AND NO ON 66, SPONSORED BY SOCIAL JUSTICE ADVOCATES AND ORGANIZATIONS",SUPPORT,1381640,"PROPOSITION 056 - CIGARETTE TAX TO FUND HEALTHCARE, TOBACCO USE PREVENTION, RESEARCH, AND LAW ENFORCEMENT. INITIATIVE CONSTITUTIONAL AMENDMENT AND STATUTE.",http://cal-access.sos.ca.gov/Misc/Redirector.aspx?id=1391170&session=2015
"NOVEMBER 8, 2016, GENERAL",1386637,"NO ON 56 - STOP THE SPECIAL INTEREST TAX GRAB. MAJOR FUNDING BY PHILIP MORRIS USA INC. AND R.J. REYNOLDS TOBACCO COMPANY, WITH A COALITION OF TAXPAYERS, EDUCATORS, HEALTHCARE PROFESSIONALS, LAW ...",OPPOSE,1381640,"PROPOSITION 056 - CIGARETTE TAX TO FUND HEALTHCARE, TOBACCO USE PREVENTION, RESEARCH, AND LAW ENFORCEMENT. INITIATIVE CONSTITUTIONAL AMENDMENT AND STATUTE.",http://cal-access.sos.ca.gov/Misc/Redirector.aspx?id=1386637&session=2015
"NOVEMBER 8, 2016, GENERAL",1388865,"PROTECT SMALL BUSINESS AND SMOKE FREE ALTERNATIVES, NO ON 56; SPONSORED BY SMOKE-FREE ALTERNATIVES TRADE ASSOCIATION",OPPOSE,1381640,"PROPOSITION 056 - CIGARETTE TAX TO FUND HEALTHCARE, TOBACCO USE PREVENTION, RESEARCH, AND LAW ENFORCEMENT. INITIATIVE CONSTITUTIONAL AMENDMENT AND STATUTE.",http://cal-access.sos.ca.gov/Misc/Redirector.aspx?id=1388865&session=2015
"NOVEMBER 8, 2016, GENERAL",1377991,"YES ON 56 - SAVES LIVES CALIFORNIA, A COALITION OF DOCTORS, DENTISTS, HEALTH PLANS, LABOR, HOSPITALS, LAW ENFORCEMENT, AND NON-PROFIT HEALTH ADVOCATE ORGANIZATIONS",SUPPORT,1381640,"PROPOSITION 056 - CIGARETTE TAX TO FUND HEALTHCARE, TOBACCO USE PREVENTION, RESEARCH, AND LAW ENFORCEMENT. INITIATIVE CONSTITUTIONAL AMENDMENT AND STATUTE.",http://cal-access.sos.ca.gov/Misc/Redirector.aspx?id=1377991&session=2015
"NOVEMBER 8, 2016, GENERAL",1384591,"MILLION VOTER PROJECT ACTION FUND - YES ON 55 AND 57, SPONSORED BY SOCIAL JUSTICE ORGANIZATIONS",SUPPORT,1381640,"PROPOSITION 056 - CIGARETTE TAX TO FUND HEALTHCARE, TOBACCO USE PREVENTION, RESEARCH, AND LAW ENFORCEMENT. INITIATIVE CONSTITUTIONAL AMENDMENT AND STATUTE.",http://cal-access.sos.ca.gov/Misc/Redirector.aspx?id=1384591&session=2015
"NOVEMBER 8, 2016, GENERAL",1390602,"COMMON SENSE KIDS ACTION, INC., YES ON PROPS. 55 AND 56 (NONPROFIT 501 (C) (4))",SUPPORT,1382647,PROPOSITION 055 - TAX EXTENSION TO FUND EDUCATION AND HEALTHCARE. INITIATIVE CONSTITUTIONAL AMENDMENT.,http://cal-access.sos.ca.gov/Misc/Redirector.aspx?id=1390602&session=2015
"NOVEMBER 8, 2016, GENERAL",1385538,"CALIFORNIA KIDS CAMPAIGN, YES ON PROPS 55 & 56, SPONSORED AND MAJOR FUNDING BY COMMON SENSE KIDS ACTION, INC.",SUPPORT,1382647,PROPOSITION 055 - TAX EXTENSION TO FUND EDUCATION AND HEALTHCARE. INITIATIVE CONSTITUTIONAL AMENDMENT.,http://cal-access.sos.ca.gov/Misc/Redirector.aspx?id=1385538&session=2015
"NOVEMBER 8, 2016, GENERAL",1385886,"NO ON PROPOSITION 55, CALIFORNIA'S FUTURE PAC, SPONSORED BY THE KERSTEN INSTITUTE FOR GOVERNANCE & PUBLIC POLICY",OPPOSE,1382647,PROPOSITION 055 - TAX EXTENSION TO FUND EDUCATION AND HEALTHCARE. INITIATIVE CONSTITUTIONAL AMENDMENT.,http://cal-access.sos.ca.gov/Misc/Redirector.aspx?id=1385886&session=2015
"NOVEMBER 8, 2016, GENERAL",1384591,"MILLION VOTER PROJECT ACTION FUND - YES ON 55 AND 57, SPONSORED BY SOCIAL JUSTICE ORGANIZATIONS",SUPPORT,1382647,PROPOSITION 055 - TAX EXTENSION TO FUND EDUCATION AND HEALTHCARE. INITIATIVE CONSTITUTIONAL AMENDMENT.,http://cal-access.sos.ca.gov/Misc/Redirector.aspx?id=1384591&session=2015
"NOVEMBER 8, 2016, GENERAL",1391170,"MILLION VOTER PROJECT ACTION FUND - YES ON 55, 56, 57, 58, 62, AND NO ON 66, SPONSORED BY SOCIAL JUSTICE ADVOCATES AND ORGANIZATIONS",SUPPORT,1382647,PROPOSITION 055 - TAX EXTENSION TO FUND EDUCATION AND HEALTHCARE. INITIATIVE CONSTITUTIONAL AMENDMENT.,http://cal-access.sos.ca.gov/Misc/Redirector.aspx?id=1391170&session=2015
"NOVEMBER 8, 2016, GENERAL",1372760,"PICO CALIFORNIA - YES ON 55, 56, AND 57 (NON PROFIT 501 (C) (3))",SUPPORT,1382647,PROPOSITION 055 - TAX EXTENSION TO FUND EDUCATION AND HEALTHCARE. INITIATIVE CONSTITUTIONAL AMENDMENT.,http://cal-access.sos.ca.gov/Misc/Redirector.aspx?id=1372760&session=2015
"NOVEMBER 8, 2016, GENERAL",1381382,"YES ON 55 - CALIFORNIANS FOR BUDGET STABILITY, SPONSORED BY TEACHERS, HEALTH CARE PROVIDERS, DOCTORS AND LABOR ORGANIZATIONS",SUPPORT,1382647,PROPOSITION 055 - TAX EXTENSION TO FUND EDUCATION AND HEALTHCARE. INITIATIVE CONSTITUTIONAL AMENDMENT.,http://cal-access.sos.ca.gov/Misc/Redirector.aspx?id=1381382&session=2015
"NOVEMBER 8, 2016, GENERAL",931704,"UNITED TEACHERS LOS ANGELES-POLITICAL ACTION COUNCIL OF EDUCATORS (PACE) ISSUES, A COMMITTEE FOR PROPOSITIONS 55 AND 58",SUPPORT,1382647,PROPOSITION 055 - TAX EXTENSION TO FUND EDUCATION AND HEALTHCARE. INITIATIVE CONSTITUTIONAL AMENDMENT.,http://cal-access.sos.ca.gov/Misc/Redirector.aspx?id=1060144&session=2015
"NOVEMBER 8, 2016, GENERAL",1386494,"PROTEUS ACTION LEAGUE NON-PROFIT 501 (C)(4) ORGANIZATION, OPPOSING MEASURE 66 AND SUPPORTING MEASURES 54 AND 59",SUPPORT,1381642,PROPOSITION 054 - LEGISLATURE. LEGISLATION AND PROCEEDINGS. INITIATIVE CONSTITUTIONAL AMENDMENT AND STATUTE.,http://cal-access.sos.ca.gov/Misc/Redirector.aspx?id=1386494&session=2015
"NOVEMBER 8, 2016, GENERAL",1381029,"YES ON 54 - VOTERS FIRST, NOT SPECIAL INTERESTS - SPONSORED BY HOLD POLITICIANS ACCOUNTABLE",SUPPORT,1381642,PROPOSITION 054 - LEGISLATURE. LEGISLATION AND PROCEEDINGS. INITIATIVE CONSTITUTIONAL AMENDMENT AND STATUTE.,http://cal-access.sos.ca.gov/Misc/Redirector.aspx?id=1381029&session=2015
"NOVEMBER 8, 2016, GENERAL",1389997,CALIFORNIA COMMON CAUSE -- YES ON 54 AND 59 (NONPROFIT 501(C)(4),SUPPORT,1381642,PROPOSITION 054 - LEGISLATURE. LEGISLATION AND PROCEEDINGS. INITIATIVE CONSTITUTIONAL AMENDMENT AND STATUTE.,http://cal-access.sos.ca.gov/Misc/Redirector.aspx?id=1389997&session=2015
"NOVEMBER 8, 2016, GENERAL",1385928,CALIFORNIANS FOR AN EFFECTIVE LEGISLATURE,OPPOSE,1381642,PROPOSITION 054 - LEGISLATURE. LEGISLATION AND PROCEEDINGS. INITIATIVE CONSTITUTIONAL AMENDMENT AND STATUTE.,http://cal-access.sos.ca.gov/Misc/Redirector.aspx?id=1385928&session=2015
"NOVEMBER 8, 2016, GENERAL",1376040,YES ON 53 - STOP BLANK CHECKS,SUPPORT,1376142,PROPOSITION 053 - REVENUE BONDS. STATEWIDE VOTER APPROVAL. INITIATIVE CONSTITUTIONAL AMENDMENT.,http://cal-access.sos.ca.gov/Misc/Redirector.aspx?id=1376040&session=2015
"NOVEMBER 8, 2016, GENERAL",761010,"CA BUSINESS PAC, SP0NSORED BY CA CHAMBER OF COMMERCE (AKA CALBUSPAC)",OPPOSE,1376142,PROPOSITION 053 - REVENUE BONDS. STATEWIDE VOTER APPROVAL. INITIATIVE CONSTITUTIONAL AMENDMENT.,http://cal-access.sos.ca.gov/Misc/Redirector.aspx?id=1021742&session=2015
"NOVEMBER 8, 2016, GENERAL",1378875,"NO ON PROP 53 - CALIFORNIANS TO PROTECT LOCAL CONTROL, A COALITION OF PUBLIC SAFETY, LOCAL GOVERNMENT, BUSINESS AND LABOR ORGANIZATIONS, GOVERNOR BROWN AND TAXPAYERS",OPPOSE,1376142,PROPOSITION 053 - REVENUE BONDS. STATEWIDE VOTER APPROVAL. INITIATIVE CONSTITUTIONAL AMENDMENT.,http://cal-access.sos.ca.gov/Misc/Redirector.aspx?id=1378875&session=2015
"NOVEMBER 8, 2016, GENERAL",1389930,"NO ON 53, NEIGHBORS DEFENDING LOCAL CONTROL",OPPOSE,1376142,PROPOSITION 053 - REVENUE BONDS. STATEWIDE VOTER APPROVAL. INITIATIVE CONSTITUTIONAL AMENDMENT.,http://cal-access.sos.ca.gov/Misc/Redirector.aspx?id=1389930&session=2015
"NOVEMBER 8, 2016, GENERAL",1362973,YES ON PROPOSITION 52 - A COALITION OF CALIFORNIA ASSOCIATION OF HOSPITALS AND HEALTH SYSTEMS AND NON-PROFIT HEALTH CARE ORGANIZATIONS,SUPPORT,1362198,PROPOSITION 052 - STATE FEES ON HOSPITALS. FEDERAL MEDI-CAL MATCHING FUNDS. INITIATIVE STATUTORY AND CONSTITUTIONAL AMENDMENT.,http://cal-access.sos.ca.gov/Misc/Redirector.aspx?id=1362973&session=2015
"NOVEMBER 8, 2016, GENERAL",1381488,"CALIFORNIANS FOR HOSPITAL ACCOUNTABILITY AND QUALITY CARE - NO ON 52, SPONSORED BY SERVICE EMPLOYEES INTERNATIONAL UNION - UNITED HEALTHCARE WORKERS WEST",OPPOSE,1362198,PROPOSITION 052 - STATE FEES ON HOSPITALS. FEDERAL MEDI-CAL MATCHING FUNDS. INITIATIVE STATUTORY AND CONSTITUTIONAL AMENDMENT.,http://cal-access.sos.ca.gov/Misc/Redirector.aspx?id=1381488&session=2015
"NOVEMBER 8, 2016, GENERAL",1373047,"SERVICE EMPLOYEES INTERNATIONAL UNION, UNITED HEALTHCARE WORKERS WEST (NONPROFIT 501 (C)(5))",OPPOSE,1362198,PROPOSITION 052 - STATE FEES ON HOSPITALS. FEDERAL MEDI-CAL MATCHING FUNDS. INITIATIVE STATUTORY AND CONSTITUTIONAL AMENDMENT.,http://cal-access.sos.ca.gov/Misc/Redirector.aspx?id=1373047&session=2015
"NOVEMBER 8, 2016, GENERAL",1374469,"YES ON PROPOSITION 51 - CALIFORNIANS FOR QUALITY SCHOOLS, SPONSORED AND FUNDED BY COALITION FOR ADEQUATE SCHOOL HOUSING ISSUES COMMITTEE AND CALIFORNIA BUILDING INDUSTRY ASSOCIATION ISSUES COMMITTEE",SUPPORT,1376258,PROPOSITION 051 - SCHOOL BONDS. FUNDING FOR K-12 SCHOOL AND COMMUNITY COLLEGE FACILITIES. INITIATIVE STATUTORY AMENDMENT.,http://cal-access.sos.ca.gov/Misc/Redirector.aspx?id=1374469&session=2015
"NOVEMBER 8, 2016, GENERAL",1220380,"COMMUNITY COLLEGE FACILITY COALITION ISSUES COMMITTEE, YES ON 51",SUPPORT,1376258,PROPOSITION 051 - SCHOOL BONDS. FUNDING FOR K-12 SCHOOL AND COMMUNITY COLLEGE FACILITIES. INITIATIVE STATUTORY AMENDMENT.,http://cal-access.sos.ca.gov/Misc/Redirector.aspx?id=1220380&session=2015
"NOVEMBER 8, 2016, GENERAL",1282321,"TORLAKSON'S INVEST IN CALIFORNIA A BALLOT MEASURE COMMITTEE TO SUPPORT PROPOSITION 51, SUPERINTENDENT TOM",SUPPORT,1376258,PROPOSITION 051 - SCHOOL BONDS. FUNDING FOR K-12 SCHOOL AND COMMUNITY COLLEGE FACILITIES. INITIATIVE STATUTORY AMENDMENT.,http://cal-access.sos.ca.gov/Misc/Redirector.aspx?id=1282321&session=2015
